"user.id","age"
5997,29
14441,24
3048,26
4458,27
14063,22
2069,26
4335,27
17720,28
3890,32
14212,31
5797,16
9714,19
14837,23
12500,23
9429,25
355,27
3276,27
5102,27
6313,27
9500,24
11157,17
3869,24
4054,22
5710,25
7346,29
9322,29
17882,21
18740,28
2701,17
9310,26
16593,27
9013,24
7886,23
11009,25
6939,20
9286,30
10455,28
14232,22
3327,27
4705,29
4727,26
8064,23
10247,27
12458,19
17448,26
3924,25
7384,18
17775,27
14018,35
3502,31
19214,24
15065,32
10090,27
12426,29
13604,30
232,19
3625,21
5455,26
5537,30
6225,17
7561,29
7598,27
8345,22
9504,24
11164,27
13929,27
17424,26
1909,23
2374,29
3453,23
5427,25
8080,26
13138,25
13339,28
16054,21
17365,28
18559,23
2899,23
9716,27
13538,27
17165,29
8268,27
9489,26
12482,26
13215,27
14611,23
16218,22
13908,29
3423,24
6042,23
11895,33
9372,25
9532,23
15918,15
5555,31
10039,29
13997,24
7277,26
7753,24
8859,30
10271,24
13993,30
15183,23
17039,28
15167,22
17272,31
17585,32
12162,28
14488,24
14807,22
145,30
639,17
666,22
790,15
1235,29
1501,28
1587,19
1918,24
2032,17
2038,17
2040,18
2066,24
2166,27
2387,25
2898,26
3782,22
4038,22
4076,19
4183,23
4412,14
4457,15
4597,25
4856,16
5047,16
5252,25
5403,24
5408,20
5524,22
5774,29
5809,22
5829,25
6010,19
6064,29
6611,28
6739,14
6911,27
7169,18
7173,25
7876,17
8302,24
8644,19
8773,19
8904,28
9198,16
9228,33
9318,26
9386,27
9422,15
9597,23
9700,21
9704,12
10473,26
10500,26
10549,28
10722,18
10801,13
11139,28
11389,26
11844,17
12002,23
12008,27
12107,16
12254,17
12262,25
12334,26
12788,15
13120,19
13289,27
13638,25
14574,30
14812,22
15597,32
15679,24
15739,29
15811,25
15886,24
16941,20
17261,23
17420,30
17546,21
17734,16
17924,14
18013,19
18413,16
18851,25
19039,27
19081,23
8,30
105,21
303,22
723,16
827,32
1400,18
1450,26
1661,18
1689,22
1690,15
1910,29
2259,26
2636,22
2966,17
3553,24
3654,19
3854,24
4357,27
4360,27
5278,29
5378,19
6062,20
6065,19
6250,27
6408,21
6848,23
6877,21
7058,24
7113,22
7145,22
7195,23
7374,21
7378,16
7399,26
7489,20
7494,28
7630,23
7898,18
8044,21
8409,17
8822,25
8830,22
10345,22
10418,25
10915,26
11108,20
11294,23
11455,27
12411,25
13072,24
13082,25
13521,25
13616,23
14129,27
14390,13
14393,25
14640,20
14749,22
14752,28
15062,16
15156,23
15284,29
15344,20
15734,28
16231,21
16277,19
16326,15
16834,18
17241,26
17249,23
17356,23
17557,28
17700,14
17725,24
17929,20
18241,23
18304,18
9133,32
17321,25
1708,26
3615,30
3686,31
4622,24
7143,31
14005,23
16757,29
18743,28
18910,26
3527,21
650,26
2076,22
9901,23
10658,24
17402,28
17439,24
18591,26
15672,26
2422,22
8579,30
10379,20
3968,29
10252,24
12908,26
15686,30
16505,29
18495,32
7429,28
13007,20
15786,18
17140,25
10134,25
465,22
6623,26
7197,30
12122,22
12292,28
12799,26
14126,30
12403,30
1360,27
11167,34
8939,25
2080,29
882,28
1481,23
14533,29
17254,29
6437,28
17855,26
18343,21
10143,23
12930,26
15870,24
810,20
5344,27
5803,22
14784,22
1237,13
1354,18
1479,18
1723,21
2255,13
2398,18
2451,12
2839,20
2888,18
3511,21
3579,16
4009,26
5042,15
5339,15
5386,16
5570,17
6438,15
6646,15
6651,22
6844,18
7403,19
7511,19
7750,12
7901,20
8519,13
8599,14
8810,22
8871,21
8957,16
9692,14
10446,18
11309,17
11487,22
11923,19
12179,14
14039,19
14298,13
14309,14
14692,21
14941,18
15516,22
16026,14
16386,18
16763,24
17479,15
17530,21
17535,17
17668,21
17892,25
18326,12
18526,15
18783,17
771,14
1175,20
1233,12
1697,16
1923,15
2054,23
2227,17
2267,12
2504,21
2522,17
3556,14
3643,15
3950,22
4301,20
4426,18
4638,23
4851,20
5557,14
5868,22
5912,13
6238,18
7159,14
7340,16
7510,20
8045,15
8388,18
8482,17
8549,25
9255,16
9550,15
9582,13
9814,17
9867,24
10073,16
10138,14
10194,16
10209,16
10292,22
10464,19
10527,18
10554,21
10664,14
10979,18
11127,14
11203,19
11234,19
11798,19
12409,17
12690,18
12863,15
13257,14
13751,19
13840,11
14281,17
14456,25
14579,16
14636,13
14728,20
15059,15
15122,17
15607,13
15729,19
15738,15
15978,20
16075,21
16157,20
16348,22
16434,13
16553,18
16823,17
17338,15
18089,19
18106,18
18577,13
18726,11
18734,18
19109,24
19220,21
849,32
10508,31
10702,24
12095,27
12926,26
13980,28
18338,22
18996,23
684,28
3103,27
3267,24
4202,32
4826,28
5965,32
6751,28
7370,31
11130,29
12383,27
12760,24
13505,32
15191,23
17187,28
17619,27
18287,27
10487,28
18267,24
7180,33
14920,34
9108,29
10029,23
12916,28
13177,23
12720,28
503,30
3291,28
9792,29
2908,24
13817,24
72,21
1589,28
3876,26
4039,16
4320,24
4395,25
4800,29
8860,26
11436,16
13207,27
18047,18
2134,21
4433,21
4789,24
4972,24
6559,29
17736,25
8066,20
4629,25
9943,23
16104,23
19298,30
14433,19
17329,25
2075,19
1239,34
3713,28
8912,28
17912,23
10048,27
11213,29
13315,25
13597,25
15418,28
16641,25
17457,23
18994,31
6613,26
14543,33
18179,27
3775,28
1031,27
4988,27
14375,24
19245,29
263,22
964,21
1098,23
1557,24
1746,22
3457,22
6102,29
6193,31
6980,18
7401,29
7767,27
8170,20
8640,27
9990,24
10251,17
10400,25
10730,26
12205,26
14353,25
16612,25
17560,22
17945,22
18036,23
1415,23
1858,24
2014,25
2691,22
4711,31
5769,26
6048,20
8261,26
9368,19
12277,27
12617,28
13802,22
14505,26
15227,21
15649,18
16361,20
16876,27
18169,26
18280,23
10972,29
13561,25
5182,24
7030,28
18159,22
19062,24
9347,16
15929,29
766,26
12622,28
2795,28
5067,29
5702,27
18777,28
4419,32
11761,28
183,22
290,21
365,21
454,21
779,16
1196,29
1480,23
1644,17
1653,19
1781,27
1786,24
1869,25
2115,28
2770,25
3045,27
3284,18
3297,16
3428,17
3799,26
3886,25
4122,24
4156,22
4213,18
4236,17
4696,18
4956,23
5184,15
5202,21
5224,29
5364,22
5777,23
6200,20
6625,20
6828,21
6856,14
6892,23
7009,18
7551,24
7571,24
7910,15
8006,16
8031,27
8052,23
8360,24
8376,17
8386,17
8584,28
8635,17
8907,27
9103,28
9447,26
9527,31
9739,21
9750,16
9838,25
9982,24
10008,25
10019,22
10334,24
10670,20
10676,16
10916,31
11048,28
11132,18
11289,25
11347,25
11465,18
11505,19
11507,15
11871,19
11929,21
12021,17
12414,28
12618,22
12725,27
12784,28
12805,28
12858,20
12899,26
13073,20
13187,31
13455,22
13874,21
14026,20
14133,20
14261,29
14607,29
15173,28
15212,20
15362,27
15608,18
15798,19
16265,27
16374,23
16418,27
17059,29
17257,21
17264,26
17526,25
17672,24
17709,22
17827,22
17877,24
18349,26
18396,27
18604,21
18641,27
18730,25
18806,15
18970,24
19099,20
19200,23
267,17
462,19
936,18
1165,18
1398,25
1490,24
1549,25
1842,19
2285,25
2343,22
2562,26
2637,18
3084,25
3089,24
3386,17
3420,19
3492,25
3517,29
3525,24
3805,19
3829,19
4281,15
4413,16
4621,23
5083,18
5268,25
5398,24
5634,20
5679,22
5753,23
5779,27
5984,16
6021,21
6037,25
6083,23
6173,22
6495,23
6821,22
6904,21
7096,29
7292,25
7363,24
7470,31
7694,20
9199,18
9605,21
9766,21
10414,12
10475,22
10829,24
10957,15
11035,22
11107,23
11319,25
11356,22
11464,25
12755,30
12801,26
12836,14
13250,28
13436,30
13680,24
13703,18
14028,23
14708,25
14957,30
14992,22
15262,15
15463,23
15647,29
16007,19
16083,25
16185,25
16204,25
16452,26
16494,19
16532,22
16721,26
17082,23
17325,24
17574,24
17680,18
17724,24
17759,21
17779,18
18127,20
18132,24
18166,19
18528,22
18720,26
19080,30
552,26
8816,32
16644,21
18039,26
18044,26
722,27
1849,20
2661,27
3093,27
3760,26
4480,25
4909,29
5397,33
6944,32
7148,27
7792,30
8893,21
12541,25
16516,26
7320,30
15513,28
18331,26
436,28
7281,24
9619,26
17247,28
9668,29
5884,25
8597,29
8609,28
14451,25
18521,28
15680,19
10550,21
13821,27
19261,28
10520,29
3577,27
3708,22
4575,30
18475,28
277,20
2050,29
3640,28
7449,29
8135,27
9547,24
11880,16
15076,26
15777,25
18912,18
19254,21
8094,27
11258,27
16765,31
7951,20
736,27
2220,25
10663,30
9061,30
2487,29
5105,27
9357,26
13498,21
797,22
10010,26
13,17
903,15
1659,11
1811,21
2622,15
2895,15
3219,22
3501,18
3622,16
3712,15
4453,17
4820,21
4936,24
6504,22
6585,20
6661,21
6886,18
6913,18
7304,17
7308,21
7534,21
8404,14
8498,16
8827,19
9093,14
9387,15
9599,17
10350,17
10471,17
10932,16
11245,16
11251,13
11403,25
12227,12
12325,18
12709,20
12961,14
13219,16
13314,18
13318,16
13385,16
13723,18
13832,16
13989,15
14787,19
15128,19
15248,14
15392,23
16160,12
16849,20
17112,18
18457,21
18637,19
18696,17
172,15
271,21
534,11
808,22
1365,20
2254,18
2370,17
2717,21
2750,19
2825,16
2978,17
3065,13
3319,19
3859,23
4729,19
4742,26
5136,18
5304,18
6142,18
6244,11
6688,16
6712,22
6744,9
6748,24
6771,22
6894,11
7021,16
7235,17
7523,21
7608,21
7619,16
8264,12
8368,15
8778,13
9480,24
9633,24
9635,24
9637,25
10214,21
10933,20
11173,12
11437,17
11736,13
11745,20
12731,21
12959,17
13376,20
13608,17
14242,21
14319,20
14442,21
14446,19
14595,13
15444,17
15670,11
15770,19
15979,11
16229,22
16301,21
16630,18
16710,18
16894,15
17116,19
18053,12
18337,17
19001,17
19068,17
19102,12
613,29
3471,24
3573,24
10380,27
18108,26
142,23
2676,32
5432,18
5845,31
7248,26
7287,23
8091,26
8654,28
9244,26
9397,30
10733,23
14686,28
14689,22
15151,19
15206,30
15289,18
15329,31
16253,27
15851,29
4951,28
9264,21
6118,23
14852,25
17361,28
5904,27
10045,17
7757,31
12168,27
13624,24
15217,27
18864,22
9080,26
11362,25
13226,28
16113,33
3072,20
17132,27
9520,29
15054,33
89,26
2512,30
3198,24
4668,26
8523,32
11457,30
16556,25
17007,27
18229,18
18580,28
4471,20
4921,17
6241,25
7430,23
8413,28
10833,24
9965,27
11640,27
12364,27
17995,28
1895,29
8819,18
4298,26
10713,27
16650,25
5473,25
9576,19
7864,23
3309,26
7997,25
6164,27
9517,24
13542,27
17296,24
18861,27
18976,25
2972,21
4948,28
16935,25
10396,27
15433,27
4004,28
4074,28
4929,23
7745,31
8183,26
9741,24
12127,25
15704,25
18804,28
6158,30
4691,30
5873,29
8706,26
11172,33
4531,31
16737,24
17976,30
1701,23
2718,29
2865,29
5062,25
5157,27
7556,24
8205,26
9553,27
11032,26
11100,26
11223,27
11257,27
13467,21
13476,18
13509,29
15110,21
15195,29
17074,27
115,20
6435,15
9220,28
9295,27
12201,19
12268,17
12271,19
13336,25
13443,16
13667,17
14680,27
14808,22
15121,28
16011,22
221,28
2758,29
5124,28
5128,24
7283,22
12060,24
13527,25
4147,22
13333,27
8642,20
12290,26
15193,30
10990,24
13979,24
6793,29
14385,29
14632,30
16048,27
144,29
194,16
240,29
536,27
561,27
830,27
1103,24
1110,22
1429,25
1634,17
1680,23
2007,28
2042,29
2322,25
2344,29
2715,25
2737,26
3113,25
3944,27
4215,18
4349,21
4521,21
4522,18
4695,19
4850,20
4937,30
5213,22
5788,21
6103,28
6304,27
6366,16
6384,26
6518,28
7207,19
7309,24
7404,19
7410,30
7531,23
7671,19
7758,17
7953,28
8000,29
8062,16
8281,16
8699,19
8719,21
8823,20
8985,20
9044,19
9147,23
9192,14
9344,20
9428,23
9473,29
9562,27
9738,24
9806,25
9817,35
10799,26
11034,23
11043,25
11069,24
11562,24
11648,17
11837,30
12016,29
12034,19
12236,19
12370,18
12404,20
12548,30
12619,26
12796,28
13064,17
13231,26
13280,23
13451,27
13460,27
13478,21
13853,24
13910,26
13946,17
13961,27
14004,18
14285,17
14293,17
14308,17
14467,23
14705,25
14769,26
14933,19
14947,34
15090,19
15241,26
15452,24
15467,22
15541,22
15864,27
15906,24
15907,26
15998,25
16071,27
16275,27
16423,26
16581,15
16596,27
16756,29
17485,25
17869,26
18020,17
18163,25
18468,24
18470,19
18699,28
18711,26
18878,24
18924,32
18984,24
18999,25
19177,30
19194,27
19205,28
91,15
434,19
515,23
832,17
1162,23
1319,17
1700,29
1714,22
1798,25
1819,21
1850,32
2212,20
2690,29
3146,15
3235,21
3299,21
3701,27
3725,26
3815,20
3977,28
4159,20
4206,20
4258,23
4434,20
4579,18
4812,19
5585,30
5684,28
5938,20
6175,22
6563,23
6961,21
7040,20
7298,20
7522,31
7585,17
7715,27
7803,29
8897,23
9148,23
9338,25
9951,28
9988,19
10064,24
10238,21
10294,17
10740,21
10967,26
11210,19
11555,18
11641,27
11734,19
11758,21
12022,26
12112,18
12360,17
12372,18
12393,31
12625,26
12671,19
12929,23
13574,22
13867,20
13904,26
14114,20
14591,25
14825,25
14936,22
15238,17
15246,18
15368,19
15468,19
15486,26
15501,21
15725,20
16035,15
16202,29
16325,26
16709,22
16715,16
17218,22
17395,28
17898,28
18057,19
18407,25
18455,17
18820,15
19049,25
1107,26
2183,25
3015,31
3939,27
4016,26
8707,23
13217,28
14011,33
18448,29
18493,28
19070,26
19314,26
1917,30
4797,27
9004,31
9927,26
15663,28
3068,24
10061,30
18225,30
1906,30
9777,25
7415,29
8130,31
8840,26
7011,29
11269,18
17696,26
1774,26
8866,25
5110,26
5975,27
13004,25
3609,20
10027,28
17392,24
38,24
9168,18
12818,26
17903,24
15720,32
505,28
10447,25
14741,28
14790,20
477,29
222,28
1347,23
7594,29
11712,29
7038,25
5197,29
12241,30
15853,21
1829,28
18977,27
167,19
339,22
609,19
1247,17
1304,16
1335,20
1521,17
1576,11
1894,14
2161,17
2246,16
2559,20
2670,18
2937,15
3075,21
3644,27
3942,17
4794,23
5208,18
5291,24
5610,13
5618,19
5665,24
5817,12
6024,22
6274,20
6440,11
7372,14
7476,13
7725,27
7764,18
8742,20
8869,18
8956,16
8973,24
9315,18
10000,15
10139,16
11804,15
11820,14
12058,25
12087,25
12104,6
12129,14
12430,18
12680,22
12838,21
13209,17
13305,17
13779,16
13984,15
14541,10
15395,14
15578,30
15586,19
15910,15
16708,17
16791,14
16963,18
17035,13
17056,17
17239,11
17467,14
17712,14
18664,14
19011,19
19143,15
19153,15
409,19
517,24
647,24
760,23
801,18
861,23
1639,21
2023,19
2773,13
2913,16
2938,20
3118,17
3418,16
3464,20
3687,19
3850,17
3949,14
4057,24
4140,18
4399,12
4625,18
5080,17
5587,13
5615,18
5655,15
5930,20
6018,12
6310,21
6685,17
7046,17
7362,19
7639,17
7763,22
8947,18
8969,16
9559,19
10006,17
10422,20
10436,18
10457,17
10782,15
10791,19
11175,19
11321,10
11485,15
11860,15
12266,25
12808,23
13181,16
13367,16
13740,20
13951,11
14094,17
15053,10
15105,14
15168,16
15223,18
15375,16
15772,15
15989,15
16016,17
16228,18
16256,16
16478,16
16572,17
16584,25
17541,19
17552,21
17667,14
17956,19
18092,23
18300,10
18306,13
19054,25
19234,16
19320,20
8738,33
1119,28
2226,29
2271,34
4772,28
5757,26
6628,29
7368,21
8084,34
11252,25
11271,32
11817,25
11996,27
12256,26
12659,19
13656,30
13921,28
14356,35
15860,29
16508,26
16637,29
18515,25
18871,31
19206,28
19207,27
5092,26
14859,24
11523,37
12495,25
12195,24
13457,32
2207,29
16193,25
17843,31
12861,30
2237,22
7171,20
11769,29
16968,33
17996,26
1016,16
1034,24
1303,27
3507,27
6243,19
10024,24
10509,28
13300,32
13681,27
14436,23
15390,28
16964,24
146,22
3772,25
6647,29
7433,26
10240,27
11326,28
12842,22
185,34
11199,30
16315,28
5712,25
10183,24
12726,29
9737,20
15107,32
2196,24
7805,27
10686,29
11540,26
16722,31
19135,33
2433,28
2682,30
2935,29
4262,27
10147,26
17587,25
17652,21
14277,32
10532,25
13767,28
17658,30
17863,27
2463,24
5756,26
6058,26
8793,18
11630,29
13819,23
16753,30
485,21
1573,22
4761,28
5816,23
6561,17
9399,21
9460,22
9543,19
10154,29
11493,25
16706,27
17096,26
18563,24
18016,23
1619,25
6247,23
11655,24
17836,19
15286,26
3991,22
10285,23
12520,22
18422,28
15510,22
4093,29
11147,24
17944,24
5771,29
8615,26
13323,26
29,19
140,24
435,24
587,20
1167,29
1363,22
1432,22
1591,22
1852,26
1977,22
2105,21
2156,19
2277,20
2372,23
2489,27
2529,16
2648,24
2897,20
3424,27
3494,17
3663,27
3699,28
3836,26
3911,14
3964,31
3973,26
3985,26
4323,24
4559,23
4720,24
4861,22
4876,29
4878,30
4962,21
5560,27
5902,27
6090,29
6500,28
6617,27
6975,26
6979,27
7405,19
7714,25
8051,21
8263,16
8544,16
8741,26
8747,16
9241,31
9498,24
9596,25
9629,15
9760,18
10358,20
10591,24
10716,22
10781,27
11463,25
11625,21
11731,21
11765,30
11781,33
12523,30
13006,19
13571,17
13901,20
13976,25
14431,22
14512,22
14560,22
14702,18
14826,24
14956,25
15197,20
15503,27
15562,29
15585,28
15750,22
15828,17
16449,17
16565,31
16588,27
16859,25
17005,22
17232,19
17337,19
17432,24
17433,26
17628,18
17686,22
17932,23
17967,26
18136,17
18223,28
18257,27
18294,16
18404,23
18473,26
18535,22
18674,19
18797,24
18916,18
19075,19
19221,20
276,25
421,18
496,28
867,18
907,17
1008,28
1503,22
1731,22
1863,22
1891,24
2018,26
2485,22
2749,25
2930,27
3137,18
3236,18
3989,30
4846,18
5270,20
5389,17
5597,30
5678,14
6293,23
6426,17
6581,20
6719,18
6921,22
6924,21
7004,21
7257,18
7260,16
7896,30
8013,23
8177,26
8288,18
8488,17
8546,12
8649,19
8792,20
9027,28
9030,24
9124,21
10276,19
10723,21
10745,20
10787,25
10982,22
11184,21
11256,24
12401,32
12664,28
12864,19
13115,23
13862,27
13880,28
13898,27
14534,20
14999,17
15150,29
15178,23
15243,27
15493,21
15525,26
16101,27
16282,26
16495,26
16626,24
17507,21
18246,19
18592,22
18623,22
18684,24
18909,22
19152,25
3184,26
3544,31
4585,29
13755,29
19311,26
282,27
2251,28
4549,25
5709,31
6346,35
7850,23
8034,27
11777,29
16288,29
16950,28
17613,25
17630,34
18527,25
6509,31
17431,24
919,34
3880,29
5699,29
9084,30
15551,29
1866,25
6381,24
14710,25
8260,28
6560,22
9763,29
800,25
15868,21
8068,26
14649,27
10229,22
16327,19
18744,30
1704,29
10921,28
14107,23
703,21
4517,26
7678,22
16142,23
822,29
5054,25
12218,31
14650,26
11513,24
15708,28
16102,19
16634,22
11232,29
1687,20
12565,27
13834,22
273,14
300,12
526,14
1377,15
1662,15
2300,24
2557,21
2599,19
3174,19
3368,19
3373,22
3747,18
4256,17
4518,14
4606,15
5467,18
5495,18
6105,15
6482,11
6710,11
6806,15
7062,23
8378,14
8565,15
9047,22
9117,15
9207,23
9350,15
9549,21
10506,14
10941,19
11055,17
11443,19
11509,13
11561,19
11897,16
12097,17
12120,19
12440,21
12525,20
13081,27
13109,14
14332,26
14384,11
14526,16
14757,15
15077,21
15325,19
15454,17
15849,19
15912,16
16292,15
16802,14
17798,21
17946,14
18189,15
18320,18
18499,15
18969,13
19024,23
26,23
246,25
589,16
877,14
1002,8
1658,13
1883,15
2129,15
2388,17
2453,18
2490,20
2511,24
3347,21
3435,13
4284,18
4297,20
4371,12
4906,17
4993,19
5036,20
5540,20
5621,14
5737,16
5786,12
6043,14
6348,20
6446,13
6947,17
7201,15
7461,20
8900,15
8924,15
8964,17
9048,21
9601,14
10104,19
10762,24
10931,18
11502,22
11770,20
12067,13
13340,19
13582,19
13720,15
13816,12
13851,14
14630,19
15667,16
15706,18
15871,18
16586,11
16738,23
16833,19
16898,18
16969,15
17350,16
17684,18
17704,14
17752,15
17768,15
17830,15
18288,13
18431,17
18709,19
18824,16
19270,19
16451,27
16646,23
18814,31
19046,32
188,26
502,28
989,24
2611,26
3832,29
5941,33
5946,23
6369,27
7760,26
8145,28
8179,28
9365,29
10044,26
10270,30
10273,28
11060,30
11855,32
12660,23
13809,23
15733,27
15943,31
17281,30
18056,28
14259,28
9280,22
19027,27
16487,32
8136,24
8818,24
16432,30
17540,19
1859,29
10938,30
13015,20
14578,33
10003,27
11241,22
12954,31
13344,19
14973,28
15822,23
16002,23
16252,32
17089,24
17699,29
18676,23
1789,19
4032,27
11535,24
11539,26
17043,20
17380,24
17553,16
17787,15
18913,20
3705,20
15778,29
6229,22
124,22
13784,24
15224,28
5416,23
2028,27
3183,29
3427,31
6597,33
8755,26
11750,29
12468,31
15628,27
13651,21
14112,17
714,25
774,28
2989,30
7704,27
7771,26
15097,30
1994,20
2380,33
11149,28
12181,24
16989,29
9846,31
4676,25
6017,34
11047,32
468,28
1406,27
3181,25
3862,24
4228,27
7239,26
7332,21
8415,27
8604,28
9634,26
13490,18
14245,26
14996,25
16240,29
18486,21
18719,19
19120,21
2124,28
2883,26
3739,26
7554,28
7777,26
10246,24
11642,25
11786,25
12492,28
15700,22
8406,33
16897,31
17870,28
9376,22
15986,23
16628,23
19246,30
5320,18
5528,17
7773,23
18428,22
11709,34
16953,31
3786,30
4052,26
577,26
18690,19
440,31
471,29
563,23
646,22
1075,18
1230,16
1494,21
1511,22
1538,23
1645,25
1795,27
2194,23
2788,26
2855,17
2927,24
3088,26
3260,22
3443,28
3550,24
3883,18
4205,31
4271,20
4431,28
4626,27
4747,20
4842,21
5206,21
5314,24
5500,20
5515,25
5688,27
6240,23
6427,23
6603,30
6711,21
6815,22
6895,19
7781,21
7969,18
8289,30
8506,18
8575,27
8627,24
8914,27
8970,28
8994,24
9163,15
9591,29
9618,18
9898,22
10156,25
10399,18
10570,17
11506,19
11835,14
11972,22
12108,26
12198,11
12215,25
12238,14
12728,29
13045,24
13068,18
13137,17
13311,13
13312,29
13461,16
13747,27
13968,19
14163,25
14311,23
14559,26
14643,29
15081,14
15085,25
15117,24
15230,25
15350,16
15804,25
16030,27
16179,32
16258,21
16263,26
16272,22
16276,16
16760,18
16784,17
17175,26
17518,22
17919,19
18303,28
18516,22
18613,23
18773,14
19174,28
200,28
305,29
320,24
426,26
542,22
671,27
686,17
762,34
1246,25
1381,25
1693,27
1750,17
1963,21
2473,27
2603,22
2609,27
2705,20
3043,29
3106,15
3534,21
3891,27
4082,28
4115,27
4515,28
4572,15
4664,22
4870,26
4931,20
4955,23
5443,24
5593,24
5992,27
6378,22
6483,27
6494,22
6786,15
6840,24
6974,26
6992,23
7106,22
7132,29
7305,28
7637,25
7734,12
8256,17
8353,19
8446,22
8548,19
8965,22
9109,24
9197,24
9683,25
9849,15
10088,26
10700,28
11189,23
11581,24
12223,22
12251,30
12515,18
12986,23
13245,25
13698,25
13706,28
13818,22
14227,18
14228,25
14268,27
14432,22
14557,27
15011,22
15089,28
15140,22
15166,16
15174,27
15411,16
15532,32
15791,24
15923,19
16000,17
16205,29
16401,24
16786,18
16974,25
18025,17
18032,22
18245,23
18315,20
18480,20
18488,17
18555,21
18826,20
19043,21
6767,30
13927,31
14149,27
18168,27
3078,32
7334,23
7634,23
7930,22
7985,25
16018,27
18354,23
10451,32
895,22
2849,26
3375,26
9592,26
1030,31
3320,30
4615,25
1470,25
5367,25
12357,27
12381,26
969,27
5475,24
11904,29
16121,29
9240,30
10773,23
18181,32
3759,27
10241,26
12197,28
14892,28
15694,29
16592,29
18048,28
19188,28
5038,17
9827,23
11012,20
13140,23
10672,34
14569,27
18088,23
8454,28
2044,29
3062,25
1667,28
2521,30
8901,27
4175,24
1799,24
7612,26
7638,22
8015,16
12915,26
16944,20
1037,19
1164,12
1408,16
1748,17
1929,15
2160,13
2333,19
2360,20
2455,15
2506,19
2704,18
3025,16
3135,19
3415,27
3588,11
3917,26
4061,25
4270,26
4421,16
4496,16
4497,17
4609,15
4674,15
4890,16
4903,14
4917,15
5451,14
5609,16
6192,17
6442,19
6454,28
6649,16
6845,15
7412,19
7465,18
8439,23
8463,19
8618,17
9446,19
9822,19
10013,21
10032,20
10123,15
10313,17
10409,23
10440,20
10567,15
10684,12
10763,16
11036,14
11412,17
12526,18
12643,14
12691,16
12699,19
12934,15
13169,14
13613,16
13625,12
13725,17
13763,15
14496,13
14930,21
14984,16
15046,18
15249,14
15260,20
15403,10
15571,19
15588,18
15901,13
16115,18
16330,17
16345,17
17146,16
17581,19
18101,25
18141,18
18195,24
18347,17
18501,15
18560,13
18722,19
18879,14
18983,14
354,20
470,16
681,19
1017,18
1263,19
2363,22
2390,12
2441,19
2554,16
3063,21
3304,20
3543,21
3565,22
3589,21
3990,15
4072,20
4244,16
4455,21
5489,18
5725,16
5741,16
5940,21
6145,21
6297,18
6467,17
6477,19
6650,11
7504,22
7589,13
8171,21
8517,20
8586,13
8588,21
8746,20
8776,14
8884,11
9400,15
9483,19
9519,16
9663,20
9819,16
10543,19
10786,17
11122,22
11268,18
11600,17
11665,14
12091,18
12200,25
12342,20
12676,21
13258,17
13708,21
13864,15
13917,25
14638,18
14754,14
15147,16
15216,14
15540,21
16952,22
17052,18
17053,12
17413,18
17468,13
17555,18
17617,16
18211,19
18890,16
19272,21
3302,31
4048,31
15900,29
716,33
1084,20
1283,29
1876,22
3369,17
4675,30
5214,31
5388,28
5640,22
6870,23
8063,25
9186,30
9367,25
11329,27
12674,30
14693,21
15553,27
16778,23
17884,22
18145,30
18308,31
5020,30
2011,29
10187,30
7043,24
1407,28
3774,24
6705,22
7879,35
607,24
14781,28
16055,18
270,26
3303,26
4881,28
15431,29
16906,18
17015,28
18430,21
10120,24
14839,24
11263,22
18943,24
1005,29
5281,27
6345,25
9328,23
9869,24
13713,29
15526,27
18787,26
19055,22
19114,19
3388,19
6380,30
8299,24
15913,26
18763,29
7599,29
9944,23
13465,29
12574,28
16402,23
18112,30
10087,31
12356,25
12378,26
16286,22
4641,18
16382,18
2178,19
5647,31
7894,27
10230,24
12298,26
16167,23
18252,28
6453,27
12935,26
4278,25
6799,29
12716,28
14226,34
17003,28
341,28
521,28
2036,24
2769,23
4118,24
6640,25
7986,25
9525,24
11423,21
12817,26
14071,28
14765,22
15417,28
15966,23
17861,20
19016,23
19276,31
1295,22
1493,26
2341,30
4086,27
7360,16
8781,24
8997,30
9362,25
13303,27
13419,24
14703,29
15545,20
17758,29
4340,25
8255,25
9419,30
16576,28
1395,26
3147,27
14351,24
14887,18
15709,31
16460,28
18178,24
18939,25
10185,30
11297,30
7350,29
9593,27
9852,19
15240,29
8361,25
288,29
529,16
569,15
626,21
702,23
961,28
1060,29
1871,21
1949,18
2083,26
2120,16
2225,18
2261,27
2316,26
2427,15
2496,26
2551,31
2600,22
2623,15
2653,26
2697,24
3074,24
3321,21
3473,24
3909,25
4087,21
4111,14
4495,17
4704,16
4777,19
4843,27
4922,28
5348,31
5483,19
5527,18
6121,18
6129,26
6347,26
6528,27
6569,22
6588,29
7336,19
7413,27
7667,16
7673,21
8269,17
8535,17
9014,27
9407,26
9469,22
9552,23
9686,11
9972,21
10234,25
10303,27
10307,30
10390,26
10769,21
10923,24
11016,24
11253,18
11393,25
11548,22
11705,16
11778,25
11787,25
11910,23
11931,24
12166,25
12177,26
12532,19
12540,18
12960,27
12973,21
13030,25
13414,14
13803,26
14657,17
14910,19
15302,23
15631,23
15697,24
15951,25
16031,28
16116,21
16154,29
16322,27
16337,26
16633,22
16743,29
16912,14
16942,20
17066,24
17083,26
17207,22
17282,18
17559,24
17822,29
17889,27
18240,18
18348,26
18412,25
18440,29
18598,29
18887,22
18975,15
19085,20
19228,19
19306,24
134,23
333,16
433,27
504,24
513,28
1127,25
1216,29
1442,19
2283,16
2407,24
2620,24
2850,27
3153,26
3323,19
3919,20
4047,23
4254,20
4571,24
4635,21
5164,24
5627,25
5818,23
5921,21
6029,25
6336,17
6474,25
6614,25
6658,17
7010,18
7290,21
7906,28
8038,21
8262,26
8590,27
8670,26
8772,20
9366,28
9925,15
10411,30
10665,26
11007,20
11430,19
11550,18
12132,27
12952,20
13309,30
13843,28
14276,19
14527,14
15146,25
15445,18
16751,29
16838,24
16947,15
17010,27
17079,27
17191,30
17224,27
17297,26
17891,22
18035,19
18365,26
18752,24
19087,28
4008,28
5480,31
14846,28
15396,28
15985,26
16412,33
16798,24
392,29
13404,22
15610,30
10805,28
17856,27
12843,24
14898,16
13074,23
16415,29
1887,27
5341,29
8047,27
11962,33
13384,26
761,31
1867,23
4282,24
3662,22
14809,20
5970,31
14422,28
16853,38
17852,24
19131,31
7830,27
8182,34
14971,23
1036,29
17792,20
18729,21
602,22
795,25
6114,27
3361,31
5879,28
8230,32
1833,24
5778,29
8536,28
12270,26
15226,29
597,28
8129,30
11647,19
14759,25
15785,29
6407,24
7974,23
17270,24
10384,28
12239,24
10900,21
14986,20
17609,27
76,24
330,16
764,18
932,12
1001,22
1078,12
1238,18
1311,22
1382,18
1594,20
3151,12
3220,16
3275,15
3289,18
3405,16
3716,23
3900,16
4272,12
4707,18
5063,14
5111,14
5173,15
5193,16
5530,21
5613,22
6139,17
6449,17
6942,13
7989,18
8152,19
8296,16
8496,16
8617,17
8761,18
8898,16
9499,22
10363,21
10736,15
10996,20
11580,28
12061,15
12180,18
12677,20
12932,14
13422,21
13481,24
13602,22
13632,16
13695,15
13756,17
14064,22
14362,16
14463,29
14613,16
14738,15
14743,21
15264,13
15441,14
15921,23
15963,14
16005,22
16012,19
16015,15
16203,16
16234,20
16347,22
17436,13
18019,20
18100,19
18110,17
18212,20
18276,21
19213,27
406,21
1364,20
1641,14
1671,22
2061,18
2320,14
2330,22
2406,23
2443,18
2547,16
2564,15
2712,12
3160,17
3393,14
4051,21
5153,19
5435,12
5484,18
5521,16
5590,20
6222,25
7385,17
7744,17
8310,10
8522,22
8979,19
9658,16
9795,18
9971,17
10615,13
10629,17
10797,18
11102,17
11886,13
12171,13
12172,20
12276,20
12412,14
12708,23
13531,13
14203,11
14499,19
14675,19
14877,13
14902,16
15354,19
15376,13
15427,16
15762,14
15855,14
15975,23
16454,11
16686,15
16890,26
16921,14
17062,20
17193,18
17569,18
17825,26
17899,17
18024,24
18346,23
18411,19
18625,17
18659,21
18860,15
19106,21
11126,25
11892,30
12729,28
16331,25
16443,22
17016,28
312,24
364,29
785,26
1072,28
1854,27
3610,28
3700,26
5368,27
8664,26
9416,26
9831,33
10200,24
10356,27
11317,26
11553,28
12082,30
12148,26
14050,28
14963,31
16317,24
16421,28
19025,21
19244,24
20,27
3594,26
2104,28
4660,30
11514,32
1684,33
5501,30
11900,29
12790,26
13151,33
4947,30
10656,20
13373,31
2767,27
1478,24
4642,21
7925,20
8187,29
10108,29
10110,25
14215,23
16557,23
16979,21
17299,24
970,21
1643,24
3592,23
3948,30
4582,21
5212,24
12354,27
12613,24
12950,21
13113,31
15807,28
16043,22
12258,20
8485,24
3697,30
10448,19
7723,26
4611,25
16050,23
3411,29
8612,22
11671,23
14470,27
16355,24
260,21
1547,26
1780,21
13106,23
16775,29
19266,32
417,18
775,26
1615,29
1776,26
2693,29
3243,31
3249,26
7833,26
8238,24
10908,30
13039,26
14830,26
16814,26
16892,23
19227,31
4264,28
123,30
1062,29
16643,23
17801,31
17874,28
3404,28
3574,21
4828,24
5381,18
6385,26
8106,18
10342,23
11358,32
14110,28
14750,27
18080,24
101,18
772,20
10030,23
10275,30
14575,17
14955,20
15690,24
15915,29
17335,22
18581,18
1412,23
3006,25
9337,25
14518,25
169,24
1489,26
2889,23
9803,24
10998,21
13678,26
15529,24
17009,18
18600,24
16141,29
8042,22
9277,30
16140,34
49,22
458,25
952,25
1583,25
1769,32
2293,22
12558,26
16461,26
18050,27
16748,25
17319,32
217,13
230,26
574,25
734,28
788,34
1115,26
1142,24
1166,29
1217,28
1471,21
1864,23
1865,22
1900,19
2039,25
2082,25
2411,17
2462,25
2578,29
2595,19
2626,26
2672,22
2886,24
3096,24
3155,23
3563,20
3677,16
3795,24
3845,22
4199,27
4316,27
4539,23
4590,19
4883,21
5410,29
5584,26
5687,21
5951,25
6100,19
6137,22
6254,24
6668,25
6731,21
6762,28
6868,17
7149,25
7157,25
7307,18
7445,27
8233,18
8412,21
8426,28
8736,27
8804,24
8857,16
8903,26
8913,17
8981,16
9017,22
9467,21
9565,23
9598,23
9625,28
9762,25
10129,28
10232,24
10245,21
10560,24
10812,23
10889,23
11131,21
11349,27
11410,14
11792,17
11927,23
12036,21
12509,21
12612,22
12968,24
13087,18
13284,19
13426,18
13513,23
13514,22
13583,15
13601,28
13633,18
13655,24
13795,28
13814,16
13841,20
13858,19
14033,21
14158,21
14159,29
14722,21
14730,23
14771,26
14873,17
15743,15
15836,13
16314,13
16357,14
16439,25
16515,19
16655,16
16761,24
16830,24
16948,20
16971,23
17544,23
17561,14
17729,25
17797,18
18539,14
18631,15
19021,12
19134,25
19292,21
19296,12
154,29
834,20
1359,22
1588,16
1721,19
1734,22
1844,23
1992,26
2059,17
2067,17
2088,19
2339,27
2450,14
2495,17
2686,25
2723,25
2733,19
3956,21
4085,24
4380,17
4441,20
4631,21
5039,22
5194,16
5250,29
5302,18
5345,25
5391,19
5670,25
6131,22
6149,15
6197,26
6206,24
6270,23
6566,21
6678,28
6891,22
6972,16
7376,20
7536,16
7815,26
7821,23
7937,27
8112,23
8203,22
8453,24
8468,23
9026,18
9090,18
9453,28
9679,17
10054,15
10398,20
10606,21
10802,18
11330,20
11527,17
11590,29
11661,17
11834,26
11841,26
11974,22
12787,25
12876,20
13079,24
13196,31
13324,23
13352,26
13869,18
13960,17
14139,15
14413,24
14417,18
14485,27
14853,22
15024,20
15311,25
15360,21
15568,23
15636,22
15858,26
16270,16
16318,28
17094,16
17136,23
17494,19
18060,30
18072,16
18143,23
18157,16
18362,26
18466,24
18606,24
18809,25
19018,26
9948,28
19164,29
6697,24
8178,31
9317,26
11995,27
19216,21
2867,30
6143,27
6927,28
7491,29
11061,32
8351,24
9983,24
4025,25
14504,30
18085,24
2258,20
17764,22
1079,29
3532,31
1476,35
4755,17
8111,27
10144,26
16367,28
7903,30
8534,17
8718,26
8722,19
1183,28
6422,29
9024,27
10391,31
4864,21
10888,17
10250,26
3523,28
7545,26
13977,29
16848,28
184,27
4831,24
289,21
4475,20
6279,23
6816,23
12611,19
53,23
387,16
424,16
864,18
954,15
988,18
1080,17
1486,18
1580,16
2929,14
3143,14
3338,21
3493,18
3751,15
4214,16
4408,16
4465,14
4486,12
4859,23
5059,22
5122,16
5351,16
5426,20
5487,16
5579,20
6123,12
6128,17
6395,14
6491,18
6663,16
6822,19
6869,21
6919,16
7063,16
7194,14
7397,19
7588,22
7591,15
7655,12
7685,18
7912,23
8014,13
8442,13
8448,18
8582,12
8593,13
9239,16
9443,18
9998,16
10218,25
10877,15
10893,24
11235,15
11366,14
11383,15
12408,21
12441,15
12721,14
12809,16
13236,16
13560,14
13734,16
13928,19
14078,18
14098,11
14519,23
14834,16
15209,18
15753,18
15862,11
15873,20
16283,11
16551,15
16747,19
17142,13
17153,14
17515,15
17565,14
17635,13
18054,14
18742,23
413,14
480,15
778,14
809,25
956,13
1009,13
1094,18
1258,12
1330,21
1437,22
1458,14
1531,16
1623,16
1669,12
2216,15
2291,28
2714,12
3011,11
3030,14
3097,18
3130,18
3350,15
3491,24
3559,15
3612,22
3913,19
4092,17
4096,22
5016,19
5466,15
5516,25
5568,15
5736,17
5751,19
5785,16
5874,12
6404,14
6522,13
6665,17
7266,18
7453,15
7615,23
7695,12
7706,21
8120,13
8235,16
8308,22
8407,16
8520,21
8698,14
8879,18
9016,16
9263,10
9336,14
9363,12
9472,15
9578,19
9836,14
9997,23
10179,19
10433,19
10441,16
11391,12
11408,17
11537,21
11576,14
11771,13
11797,14
12115,17
12333,17
12493,19
12499,21
12517,18
12672,15
12871,19
12922,16
12964,15
13356,14
13412,15
13557,19
13717,21
13805,13
14122,15
14542,14
14880,15
15004,15
15203,13
15830,11
15869,18
16364,15
16517,23
16632,17
16856,15
16867,15
16965,15
17566,16
17971,15
18161,13
18373,13
18689,21
18884,10
18902,17
19304,23
19312,15
8322,23
8880,29
12187,29
12956,30
17256,27
19038,26
1191,27
1585,27
2900,28
3270,27
4366,25
4382,28
6890,23
8461,29
9234,21
9864,22
11780,22
12176,19
13552,23
14035,23
14147,21
14539,30
14831,25
15969,25
16514,26
18130,27
18174,23
18208,31
18588,28
8401,30
10947,29
12182,24
378,24
13165,26
15665,29
11715,30
15754,30
15744,23
17570,23
68,27
15258,23
410,29
9106,24
13941,27
15730,25
16889,29
9617,28
13823,23
18550,21
2182,23
3226,26
3278,25
5783,23
6413,27
7416,28
7983,28
14310,29
15254,17
15560,27
16464,32
18154,22
18585,23
2025,18
8500,28
9081,22
9354,27
9655,32
10135,23
12191,22
12226,30
14584,29
15507,27
16813,25
15474,28
17738,22
6794,28
8851,24
14469,27
2656,30
5831,26
7472,26
12237,25
16476,20
6887,26
7521,29
8236,21
10437,24
15419,22
18461,22
931,31
5719,21
8561,29
12464,26
12483,30
14713,28
784,29
16645,32
16683,31
3177,36
11378,26
12326,31
452,33
5718,22
8118,24
10207,18
10864,22
13447,23
13801,16
14339,17
16428,26
17358,23
416,23
2189,27
2861,19
3480,19
3935,23
4927,27
5538,25
5978,28
6662,31
14867,23
16831,30
17166,23
17851,27
5362,23
6375,25
4101,27
4410,28
7112,27
8766,24
9888,25
19316,26
13637,30
682,18
19195,16
19275,25
36,26
466,28
5680,34
1826,28
16719,30
14479,26
250,26
275,28
331,19
749,19
763,21
767,24
984,21
1044,19
1051,19
1070,24
1190,16
1219,18
1525,30
1675,24
1805,17
1968,19
2068,17
2091,34
2123,18
2468,29
2859,23
3044,17
3390,17
3988,19
4692,26
4716,23
4836,29
4884,23
4912,26
4968,22
5017,24
5144,19
5150,28
5177,32
5257,23
5383,28
5406,29
5799,17
5865,26
5917,23
5960,32
6265,24
6298,28
6521,18
6819,26
6861,30
7177,24
7440,14
7452,28
7648,26
7837,23
7844,19
7915,25
8072,21
8280,24
8405,17
8479,35
8557,15
8616,29
8710,24
8714,22
9418,21
10065,31
10096,24
10119,27
10231,21
10327,25
10361,16
10368,25
10373,14
10608,27
10807,25
10844,15
11002,31
11015,22
11049,23
11142,32
11384,15
11667,23
11881,17
12474,25
12743,27
12812,28
13019,26
13154,31
13244,23
13288,26
13405,28
13418,25
13435,24
13501,22
13547,28
13735,20
14148,18
14461,17
14717,25
14876,26
15060,17
15479,16
15605,21
16067,29
16406,15
16573,25
16658,23
16744,19
16945,20
17050,25
17154,29
17388,29
17674,24
18140,23
18227,29
18279,21
18291,26
18504,22
18554,22
18596,28
18782,23
19257,21
10,25
564,21
633,19
1085,16
2139,17
2240,25
2464,22
2572,22
2997,20
3370,22
3749,23
5145,18
5218,28
5283,25
5649,20
5750,24
6234,17
6410,23
6578,18
6701,22
6750,21
6773,24
7037,19
7071,25
7241,17
7353,27
7623,27
7865,25
7870,27
7947,29
8093,24
8141,19
8307,16
8334,18
8340,19
9551,25
9574,19
9769,25
9922,20
10112,29
10243,18
10281,18
10387,24
10397,21
10463,32
10641,14
10765,33
10904,23
11178,18
11342,17
11433,24
11552,26
11676,24
12077,24
12316,27
12445,25
12794,27
13194,23
13396,24
13733,27
13761,14
13790,26
14043,20
14169,27
14196,22
14272,19
14580,30
14677,21
14827,23
15021,23
15101,26
15905,22
16034,18
16181,27
16369,25
16673,17
16904,20
16959,28
17151,22
17155,17
17294,24
17421,24
17428,24
17532,25
17958,22
18321,24
18441,20
18578,16
18630,26
19215,23
845,25
18911,29
6073,34
11699,30
15079,29
17777,24
18963,26
3660,26
12027,24
12330,24
14908,27
16602,36
8652,21
11755,21
16131,27
8033,25
923,28
5510,34
12514,29
2535,25
9820,31
7217,30
8475,25
2995,20
9729,17
17721,26
3445,29
2975,17
4285,31
9723,23
11498,28
13272,24
17471,26
1025,25
2198,25
4724,29
8059,25
13370,26
4288,28
5856,31
13562,31
14857,29
7614,26
13724,25
15676,28
16579,28
17295,26
3040,24
3360,31
2649,23
7089,27
12712,24
14459,21
17645,21
15251,18
54,19
323,16
334,19
584,14
598,16
1077,22
1086,27
1151,11
1967,14
2524,22
2594,17
3242,16
3371,15
3638,14
3738,20
3742,16
4064,16
4234,17
4396,14
4894,10
5141,15
5661,17
5689,18
5714,15
6558,16
6785,15
6879,13
7042,20
7208,23
7462,19
8026,20
8157,20
8305,15
8723,18
8855,22
9325,16
9560,17
9876,21
10160,17
10595,18
10596,25
11000,17
11133,15
11751,22
11922,18
12081,14
12695,14
12844,24
13090,21
13163,12
13674,15
13919,16
14253,15
14444,13
14462,20
14644,21
14776,23
14813,21
14850,14
15009,20
15019,17
15481,16
15590,18
15756,24
15812,16
15841,18
15903,14
16165,19
16772,19
16803,16
17121,14
17782,18
18173,19
18233,26
18317,17
18329,12
18361,20
18572,15
19036,16
624,13
1123,10
1179,15
1331,24
1526,21
1596,25
1692,17
3590,17
3834,16
3962,23
4287,16
4443,20
4576,16
5113,23
5543,15
5848,18
6864,17
7138,21
7306,13
8155,17
9211,9
9329,11
9561,13
9850,14
10210,19
10293,18
10300,20
10576,17
10717,17
10838,15
11161,17
11850,20
12147,15
12150,24
12264,19
13473,18
13912,17
14220,20
14288,13
14374,17
14424,15
15104,15
15413,12
15458,24
15717,18
16053,17
16679,21
17031,23
17490,16
17800,15
18170,15
18426,21
18639,19
18679,26
18792,13
13413,32
16138,28
16145,26
1226,20
1338,22
2154,24
2337,28
2941,27
3251,26
3385,27
3982,25
4325,34
4915,28
7104,34
7225,29
7721,24
11181,31
11492,25
11933,31
12785,24
12900,28
17384,26
18974,30
19014,27
18538,28
1329,25
6456,25
10023,24
18915,31
13568,29
18666,27
6664,22
1839,23
15256,28
12011,32
1043,27
6936,21
7532,26
15615,29
3470,30
14724,34
16211,29
18134,25
5058,28
12203,27
16456,30
16991,30
10062,17
16887,16
18393,24
6156,31
15435,28
807,20
1758,26
1785,19
4065,20
6606,15
7244,27
9151,19
9835,21
12591,26
13765,32
13800,34
15074,23
17405,25
17607,27
18987,20
2633,18
2962,21
6370,18
8259,27
10190,26
10746,23
12206,23
12859,25
16601,23
11935,25
9660,22
13999,20
432,24
3315,23
19300,30
7940,22
13806,22
4160,22
4176,20
13500,29
5834,25
11432,24
14900,22
12485,27
4547,26
17385,15
4359,29
5392,27
7628,26
15854,25
16661,32
1306,30
2199,25
8890,20
14882,24
16294,21
9064,33
6382,29
15539,32
342,28
1683,30
6125,24
6480,30
6991,30
7375,23
8477,28
9465,14
10583,24
10944,31
16032,15
17576,27
11975,25
12738,27
14235,27
11299,32
2721,28
4840,22
9464,28
12746,25
13870,26
14154,20
15449,29
16440,21
2425,30
991,32
7122,32
2665,33
12084,28
8462,28
1423,24
3437,27
15984,33
18779,28
96,20
137,27
451,29
739,24
976,16
1109,24
1156,26
1299,26
2418,17
2434,25
2520,20
2538,19
2988,19
3029,29
3052,27
3053,18
3067,16
3264,25
3566,21
3735,22
3769,24
3833,20
4073,15
4195,28
4451,23
4778,25
4874,24
4965,19
5450,24
5507,16
6239,22
6334,27
6415,27
6489,23
7114,26
8020,25
8027,20
8195,16
8240,20
8449,19
8945,24
8996,28
9200,31
9253,25
9319,20
9931,17
10557,21
10687,24
10930,24
10945,22
10953,32
11331,24
11380,24
11589,22
11602,23
11919,19
12230,28
12267,25
12406,25
12487,19
12562,24
12786,26
12874,24
13211,20
13943,27
14109,26
14160,18
14284,34
14477,21
14628,19
14718,25
14735,25
14782,31
15034,28
15222,16
15842,31
15875,20
16293,22
16356,29
16843,26
17063,21
17090,15
17357,31
17788,23
18610,21
18840,24
18885,17
19058,21
19144,22
166,26
327,22
516,20
950,27
1150,26
1293,25
2087,27
2232,27
2639,25
2846,24
3346,26
3357,22
3379,18
3967,19
4162,21
4425,26
4520,19
4564,23
4825,20
4905,22
5227,21
5251,20
5963,20
6006,25
6519,21
6550,23
6789,16
6874,28
6920,27
7036,28
7259,18
7592,14
7892,22
8221,20
8601,26
9141,26
9316,30
9401,21
10321,18
10354,22
10430,17
10804,19
11156,19
11876,32
11958,25
11959,19
12242,26
12323,13
13149,29
13285,22
13295,26
13360,23
13556,22
13924,20
13963,14
14080,17
14082,26
14193,29
14270,19
14313,24
14395,20
14552,25
14860,29
14890,22
15564,22
15576,22
15897,19
16065,26
16732,19
17192,18
17260,22
17503,16
17647,31
17867,21
18258,16
18323,16
18386,30
18882,25
19050,19
19267,19
3269,26
4437,27
13167,22
4013,31
6655,34
7946,23
10117,27
11075,30
13301,27
1315,21
3684,27
4743,26
8765,27
13726,28
17726,26
12608,23
6157,29
9932,29
12653,30
95,26
12006,25
16629,24
4932,23
11198,22
18390,23
379,19
1087,22
1170,24
6419,21
15442,25
5928,34
2829,26
4150,26
4976,20
11017,21
108,26
673,18
1181,23
4338,27
16300,24
19197,17
4286,33
8216,27
13649,24
10343,24
16578,21
3750,28
17665,22
18226,27
2857,16
6016,24
8043,20
13650,28
3425,26
11062,20
12059,24
265,17
332,15
507,21
887,18
1092,19
1649,23
1933,14
2430,14
2508,29
2645,21
2720,13
4341,16
4428,23
4888,15
4923,12
5079,17
5369,19
5471,15
5723,12
5744,11
5925,20
6316,15
6431,21
6539,11
6985,15
7090,12
7428,14
7774,20
8215,18
8252,13
8254,16
8803,16
8975,13
9243,18
10079,14
10767,14
10985,20
11634,14
12029,14
12152,18
12481,17
12991,17
12995,14
13001,23
13029,18
13107,14
13119,16
13282,14
13738,13
13893,16
13923,14
14392,14
14763,15
14814,19
15575,17
15771,11
16110,21
16280,19
16788,14
16846,13
17406,14
17558,11
17598,14
17774,15
17821,18
18153,21
18302,16
18355,16
18549,15
19160,20
126,24
247,17
530,14
596,22
828,17
1735,15
2338,11
2405,14
3007,17
3132,25
3286,24
3381,14
3479,21
3605,14
3960,15
4126,20
4208,17
4250,14
4420,19
4513,20
5023,22
5222,11
5319,17
5630,15
6221,19
6312,19
6722,10
6949,15
7636,16
7982,18
8429,15
8938,14
9071,22
9118,20
9208,17
9421,19
9436,18
9466,17
9568,11
9609,14
9805,10
10164,18
10331,18
10429,15
10645,24
10869,13
10911,19
11722,23
11783,21
12489,15
12547,12
12749,15
13058,15
13416,21
13699,18
13945,18
14617,19
14836,18
15084,17
15144,16
15658,9
15776,16
15893,23
16023,25
16095,18
16096,22
16566,19
17169,22
17804,16
17894,14
18076,16
18192,16
18453,11
18537,11
18881,23
19007,19
19265,17
5991,29
11168,31
17682,29
18785,24
19148,29
19209,23
824,24
967,31
2925,26
3670,29
4370,33
4914,28
5418,25
6089,25
6468,27
6812,26
7110,24
8494,27
8892,24
9245,30
10871,27
11678,31
11907,30
14959,30
16056,27
16469,19
16691,28
18190,28
15518,25
3718,22
9642,27
9918,19
17355,32
13014,17
8656,31
13375,31
12244,29
17117,30
10724,20
15363,29
17913,30
7400,29
16212,33
2438,24
8875,31
2192,24
5209,25
11888,23
13040,17
10359,21
13063,19
1187,20
16999,23
408,28
856,27
1837,29
2035,32
3650,24
4180,26
5295,27
6994,24
7936,28
10040,29
10695,16
11966,23
12648,26
15383,29
17972,26
18746,24
1715,28
5021,18
6056,23
7178,25
8309,24
10267,22
13499,22
14142,27
14598,20
16610,27
17846,27
11105,29
5988,30
17582,25
120,19
4459,19
13742,23
9056,16
6358,20
11970,14
6262,21
11292,26
13329,30
3441,22
8246,24
8967,23
9726,28
11451,24
14201,26
2282,26
2801,17
5127,25
8470,30
13067,26
5112,29
7950,30
9886,26
2837,20
3383,22
5244,25
6367,14
7408,29
7826,29
8208,26
11208,26
11335,29
11341,26
13607,28
13758,29
15659,24
16863,26
66,26
453,24
1068,25
6805,23
7314,31
7552,25
7650,25
8553,14
11945,16
12906,17
12951,22
13055,23
13084,26
16976,29
17434,28
17780,27
18071,17
19179,26
3036,27
9667,28
2135,26
6950,26
11364,23
14213,21
16150,21
16166,18
19259,21
48,27
4974,26
10443,25
1983,29
3144,27
5758,22
19286,23
2751,24
4265,28
4367,29
7431,26
13859,25
5617,20
9049,33
13366,23
2738,32
18201,20
90,27
223,16
306,24
546,15
572,14
768,18
973,26
1090,23
1172,16
1877,22
1893,18
1930,32
2200,33
2439,24
2480,19
2719,18
2809,21
2919,24
2921,27
3417,30
3460,20
3823,21
3857,18
3906,18
4028,23
4248,19
4438,25
4603,20
4649,19
4669,18
4726,17
4959,24
4981,24
5005,27
5279,18
5660,21
6443,14
6704,23
7018,31
7303,23
7331,27
7418,20
7661,29
7838,18
7907,23
8048,24
8428,27
8806,14
9039,21
9343,24
9435,24
9513,18
10377,22
10468,19
10472,27
10510,18
10519,23
10753,25
10884,22
10956,24
10969,20
11094,26
11209,18
11677,26
11685,17
11767,28
11894,22
12175,26
12225,26
12455,24
12868,17
12912,14
13159,24
13160,24
13469,26
13658,24
13737,24
14307,22
14359,22
14418,26
15316,17
15335,26
16041,24
16114,21
16199,19
16209,25
16373,17
16446,24
16598,25
16927,25
17051,14
17150,22
17173,30
17697,34
17881,19
17943,22
18203,25
18239,22
18510,13
18552,27
18616,24
18721,23
18774,19
18781,19
18880,22
35,21
283,25
486,23
726,27
787,18
948,24
1018,25
1384,17
1483,18
1803,20
2060,21
2561,13
2568,21
2734,20
2922,17
3100,16
3614,17
3756,19
3801,14
4149,24
4358,27
4503,23
4809,30
4897,29
5479,21
5775,21
6318,15
6548,29
6952,20
7073,19
7702,17
7712,22
7835,24
7954,29
8382,25
8527,18
8685,16
8780,26
9092,24
9385,19
9699,23
10870,15
10988,27
11118,19
11547,20
11741,27
11924,16
11957,15
12286,21
12312,21
12658,29
12734,26
12977,23
13241,25
13462,16
13573,21
13920,28
14742,23
14906,14
15038,16
15515,18
15693,24
15761,19
16521,25
16878,21
16922,27
16957,27
17513,14
17621,27
17872,19
18068,23
18745,16
18856,21
18985,20
9390,36
12055,28
2310,29
2371,28
3645,31
4848,28
5854,25
8643,25
9759,25
11300,26
11611,30
18935,25
15973,25
15190,27
5772,27
12096,23
13239,29
16984,21
8486,27
11991,18
6361,38
3807,26
5545,34
12467,27
11901,24
15112,23
1298,26
5439,27
8528,30
6268,26
12705,28
14325,29
15992,31
10355,23
11063,27
11889,25
2111,29
321,26
12732,30
14420,33
1724,15
2571,19
8469,19
8569,19
11400,27
13594,30
15484,22
2062,24
5329,24
8963,19
18962,23
10153,25
10402,32
16403,17
2327,30
13032,20
2488,27
2569,16
3520,20
9789,27
12079,23
204,15
588,17
604,20
717,14
780,20
962,13
1185,16
1732,11
2126,20
2484,14
2582,15
3031,15
3376,17
3469,13
3568,20
3681,17
3870,14
5172,15
5923,14
6349,13
6673,17
6916,18
7315,18
7539,21
7885,21
7931,18
8337,21
8524,16
9423,16
9891,14
10445,19
10659,14
10681,13
11228,15
11277,16
11649,17
11764,19
11789,20
12347,17
12621,9
12816,18
13116,17
13965,12
14048,12
14189,18
14388,11
14453,16
14766,23
14844,18
14983,10
15446,18
15648,23
16409,17
16475,17
16484,15
16827,16
16960,20
17417,13
18151,19
18316,24
18433,15
18571,13
19032,13
27,18
858,14
977,15
2716,18
2772,20
2926,14
3081,12
3216,19
3387,17
4219,19
4300,16
4541,23
4681,16
5374,15
5412,15
5442,16
5561,16
6181,14
6322,15
6400,17
7576,19
7587,15
7660,15
7708,21
7819,15
7948,16
8127,12
8164,14
8277,15
8848,15
8909,15
9068,16
9391,19
9728,17
9752,12
9933,20
10137,19
10535,16
10685,10
11064,18
11278,17
11372,12
11381,12
11395,22
11560,22
11639,15
11654,19
11839,22
12154,18
12397,14
12537,16
12631,13
12853,15
13104,14
13117,19
13409,14
13618,22
13657,18
13911,11
14024,14
14352,14
14659,23
14664,21
14758,17
15629,25
16244,18
16251,10
16371,20
16670,15
17214,13
17352,22
17739,13
17878,18
17951,17
17973,13
18150,17
18459,10
18462,12
18765,16
18852,15
19125,14
2952,29
5420,25
6514,31
7395,24
11490,24
16958,26
147,30
506,25
770,25
1332,32
2241,26
5077,25
5768,24
6311,22
6743,30
9105,32
10213,26
12505,28
13357,26
13935,24
14218,29
17529,27
17866,25
18271,19
10485,35
13643,22
16092,30
18218,26
19305,33
2628,29
12873,26
18714,23
14497,24
4134,27
9,25
1048,29
6290,22
7119,19
7341,17
8564,29
9083,26
11968,27
17416,24
17813,26
1757,18
3499,27
13728,28
14210,20
14656,29
15382,26
15661,26
18463,25
14736,21
3490,28
7186,21
12862,21
5977,23
2229,26
6627,13
18066,23
5835,22
6180,27
4094,22
5943,14
15825,18
59,24
3188,27
5804,26
11702,22
16411,29
17244,34
19117,25
2127,21
5371,28
7312,21
12967,26
14921,33
15126,25
19138,23
7553,31
15635,29
15759,31
3432,29
8605,30
12576,31
14604,29
4249,28
4731,28
6287,27
6476,28
7371,18
7668,27
7992,25
8951,23
9271,27
11219,26
11343,27
11494,31
11997,28
12449,23
12529,19
12636,25
15194,20
16139,28
17695,22
236,23
5168,23
5805,23
6049,25
6306,31
9052,21
9351,24
9807,23
10206,27
10755,32
12448,20
18381,25
715,28
4979,24
9233,32
16489,25
2968,24
3127,29
5277,26
5598,24
9624,28
10534,26
14230,25
16776,25
16797,25
9920,25
13497,26
8180,28
13939,28
16821,28
31,24
4377,28
13135,27
16671,31
430,22
640,22
710,19
769,29
1536,27
1654,20
1783,23
2021,29
2249,30
2313,31
2744,26
2840,28
3382,20
3557,27
3617,29
3898,21
3923,19
4308,21
4470,23
4653,22
4687,26
4960,31
5192,23
5324,26
5413,23
5512,19
5592,17
5755,27
5851,26
5888,22
6205,29
6280,23
6299,22
6329,27
6362,25
6520,19
6679,26
6824,21
7108,21
7379,22
7681,27
8003,25
8057,21
8218,23
8225,27
8242,20
8357,16
8539,23
9062,22
9131,21
9134,21
9181,27
9735,26
9890,24
9981,27
10578,25
10603,22
10793,19
10890,21
11008,28
11093,20
11847,30
12039,33
12123,23
12235,22
12303,20
12511,23
12530,23
12902,15
13265,27
13420,25
14304,18
14382,21
14426,26
14427,28
14673,31
14799,28
15066,28
15275,31
15280,18
15389,26
15668,21
16289,18
16548,21
16611,18
16677,28
17019,25
17054,16
17078,26
17100,23
17110,27
17235,20
17271,24
17390,25
17400,20
17470,24
17644,21
17915,19
18214,23
18681,28
18717,24
18841,16
18849,23
18862,20
19076,19
19172,19
19318,18
298,22
304,15
370,24
718,25
755,20
1393,27
1686,20
1807,19
2755,29
2807,22
2841,24
3111,16
3227,26
3806,23
4003,20
4650,28
5258,23
5265,22
5967,21
6009,29
6107,16
6209,16
6215,19
6223,19
6479,30
6501,23
6644,24
6670,23
6978,20
7022,21
7102,17
7535,15
7785,17
8073,22
8173,22
8359,24
8790,26
9675,26
9687,31
9964,23
10051,22
10389,24
10434,30
10452,19
11086,25
11182,20
11304,20
11448,25
12041,21
12399,22
12828,24
12911,26
12994,26
13948,19
13978,21
14535,21
14815,24
14822,21
14879,24
15039,25
15544,26
15799,22
15817,19
15895,19
16506,21
17042,25
17521,33
18339,26
18582,23
18874,15
18883,20
19084,18
5298,35
9298,30
1760,27
3676,31
6261,29
10611,29
11320,32
14943,22
18512,25
5331,25
17949,30
18423,29
1932,28
3745,27
5589,28
14866,28
2906,31
1809,28
10386,26
12975,24
17997,26
11067,26
3448,26
16771,18
2,26
5052,25
6538,26
6721,24
18933,29
242,29
6823,24
10001,26
12735,25
14013,25
996,22
1922,22
3374,30
7776,27
9078,30
9270,27
9484,21
16362,27
175,32
3466,30
10521,26
6308,28
4758,28
8509,25
1716,25
13861,30
15543,31
9767,28
13200,27
2449,26
3049,24
19219,25
2191,18
16010,23
5491,16
9666,25
15378,26
402,16
538,18
662,24
873,19
890,17
1626,15
1820,23
2335,16
2566,19
2663,19
2974,25
3032,22
3076,15
4034,16
4155,17
4526,14
4686,13
4860,19
5307,17
5411,23
6015,17
6343,16
7045,12
7268,14
8040,17
8327,29
8729,19
8749,21
9533,16
10109,12
10474,18
10598,23
10631,12
10655,13
10974,16
11050,13
11211,16
11390,14
11971,13
12231,11
12245,15
12543,16
12921,21
13277,17
13585,18
13587,16
13731,24
13776,15
13848,15
13958,19
14020,21
14219,17
14243,17
14280,15
14341,18
14342,19
14824,15
15130,24
15373,19
16191,13
16312,16
16323,14
16864,13
17012,17
17072,17
17101,21
17408,15
17790,15
17793,17
17795,16
17902,14
18046,27
18325,17
18546,16
18620,17
18682,13
18713,18
18967,14
1014,21
1229,12
1652,18
1702,19
1939,22
2085,16
2381,10
2420,28
3698,12
3812,15
4031,18
4560,21
4566,16
4783,21
5840,19
6008,10
6132,15
6155,15
6399,12
6420,13
6899,19
7088,26
7262,16
7981,18
8069,14
8124,21
8543,16
8784,11
9297,26
9775,15
9883,19
10274,23
10314,10
10420,18
10610,18
10777,18
10847,18
11121,20
11477,17
11865,10
11870,16
11911,16
12291,19
12776,17
12976,17
13047,19
13691,22
13796,20
13829,14
13992,21
14146,13
14430,16
14685,19
15148,15
15208,20
15557,9
16135,13
16195,15
16310,20
16519,14
16537,12
16808,17
17210,10
17227,16
17611,19
18116,17
18482,20
19015,15
19037,20
19190,16
155,28
7109,29
11332,28
13379,25
14327,29
16510,25
17586,27
2173,23
5095,29
5569,27
9179,26
12309,26
13223,26
13785,30
13836,26
14296,27
14953,27
15409,25
16647,29
17108,25
17351,26
17579,24
17599,26
17887,26
18565,23
5357,25
7971,22
9038,24
14601,29
8271,24
18886,27
16290,26
4084,27
17238,26
5338,24
8247,25
11073,26
19303,20
1066,28
4414,24
10348,24
12373,26
1464,23
2685,20
2741,30
4733,19
6633,19
7125,22
7188,25
10199,26
13050,27
13188,28
14077,25
15124,22
17139,28
17359,25
18014,28
3817,31
10759,24
12982,19
13520,18
13663,23
15527,21
16235,22
7542,26
18624,26
9191,26
1422,29
8451,23
7519,28
7111,35
9646,20
15003,29
1208,19
4481,29
12752,25
12766,27
15108,19
617,26
1426,28
7276,26
7863,29
10537,27
1618,28
2497,25
3695,33
5808,32
15125,28
19184,28
2113,19
15821,24
8895,25
9695,26
10107,36
13271,26
119,24
2947,22
3723,23
4430,28
5956,29
7546,22
9616,25
10244,21
10575,16
11066,24
11339,27
13172,25
13269,25
16544,13
17275,29
17859,26
18296,15
18416,29
18750,22
18892,24
1742,26
1898,28
2386,29
3504,25
5100,19
5761,28
9644,28
11014,17
12999,22
13914,26
14711,30
14768,29
14840,15
15172,25
16127,29
16180,27
5073,25
1682,27
2274,25
5143,24
5614,21
12820,31
2092,25
18707,27
1102,24
8148,27
8227,30
8740,26
8937,28
14767,26
7174,28
9474,30
16554,29
83,29
216,19
997,19
1195,29
1472,27
1556,26
1908,25
2055,26
2243,16
2526,23
2838,17
3098,19
3213,20
3332,22
3394,25
3486,14
3837,17
3855,29
4123,32
4188,30
4209,29
4601,23
4832,21
4833,19
5019,16
5129,24
5478,22
5629,21
5787,19
6135,16
6255,22
6376,16
6464,23
6523,31
6542,20
6880,15
6953,20
7417,23
7456,23
7569,14
7710,26
7780,18
8102,22
8258,22
8314,20
8319,23
8408,20
8783,15
8853,22
9070,18
9205,15
9265,29
9475,15
9793,20
9973,24
10118,15
10236,18
10288,25
10428,26
10540,30
10580,24
10878,16
11441,21
11759,20
11818,27
12870,25
12896,21
12978,23
12980,26
13010,16
13141,23
13164,18
13193,28
13281,21
13345,28
13492,20
13630,19
13748,24
13835,19
14045,19
14386,18
14548,29
14849,23
14926,20
15093,18
15109,14
15556,25
15783,27
15874,19
16279,20
16502,26
16562,20
16619,30
16785,18
16883,27
17092,17
17157,23
17289,26
17403,22
17746,27
17940,21
18067,22
18146,20
18152,17
18273,18
18498,29
18667,25
18737,28
18900,21
18978,26
19241,22
19288,25
94,25
401,19
620,16
740,20
811,24
886,17
1647,28
2143,20
2193,23
2324,18
2382,20
3017,23
3210,22
3600,23
3633,27
3895,28
3933,24
3998,18
4056,25
4346,19
4372,15
4467,20
4533,18
4618,17
5611,21
5812,26
6204,28
6430,18
6511,18
6859,21
7275,25
7485,19
7959,26
8165,17
8167,21
8551,27
8632,17
8645,20
8858,23
8974,27
8995,23
9573,28
9896,24
10788,21
11090,24
11170,24
11324,18
11614,30
12024,32
12111,17
12140,28
12582,25
13628,23
13642,25
13715,26
13787,25
13891,21
14186,22
14363,31
14525,30
14691,27
14698,15
14745,20
15070,22
15548,23
15632,22
16368,24
16520,19
16698,25
16812,25
16895,31
16930,22
16931,18
16956,25
17259,26
17477,26
17673,24
17865,15
17900,15
18204,21
18427,24
18458,29
18505,15
18621,18
19251,19
157,28
1343,18
3691,27
6835,23
18733,27
8119,26
9563,30
10131,29
10778,28
14684,30
15956,22
16535,30
16749,19
9580,22
14919,20
18059,24
1231,27
4386,24
12546,24
6067,19
8185,19
15353,22
17298,23
7643,25
12688,28
16066,24
2019,26
5922,28
6071,20
9424,26
15490,21
7902,24
11154,29
4423,32
4770,19
11500,23
14668,30
3984,21
8123,23
12066,19
14073,26
14899,26
3966,29
5546,19
13519,19
4871,30
6012,34
12972,24
10910,28
11,27
14922,29
15764,25
759,27
4588,29
17660,28
3287,19
12943,32
9606,24
1189,24
1386,28
10952,26
12494,28
488,17
33,18
229,15
446,8
578,13
1274,19
1796,19
2831,14
3901,8
4027,18
4390,21
5078,19
5596,12
5732,18
6074,14
6174,16
6226,14
7017,20
7327,17
7388,12
7424,16
7427,16
7666,18
7689,15
7961,11
7967,14
8125,13
8315,25
8530,17
8540,15
8725,18
8751,17
8758,16
8815,12
8876,19
8962,12
9238,17
9713,14
10014,14
10066,15
10329,14
10600,21
10834,17
10897,13
11185,13
11479,11
11657,15
11838,16
12020,16
12076,22
12126,17
12300,13
12583,18
13075,15
13896,15
14187,16
14408,19
14414,21
14615,17
16389,15
16613,14
16731,14
16839,18
17088,12
17231,23
17491,19
18222,15
18408,11
18661,21
18825,19
19091,18
19186,18
19242,15
307,14
325,10
411,15
665,18
670,16
737,12
1019,17
1143,16
1597,15
1739,8
2263,18
2616,14
2969,13
2991,15
3552,16
3621,12
3626,18
3768,21
4042,18
4342,10
4715,11
4746,13
5228,28
5336,26
5554,20
5573,23
5646,17
5698,19
5864,24
5919,22
6498,15
7081,14
7602,25
7808,22
7890,18
7934,11
7996,16
8012,16
8035,20
8078,21
8192,21
8906,16
9065,11
9146,17
9153,14
9575,14
9620,15
9980,17
10068,10
10308,23
10466,19
10562,19
10845,20
10942,15
11010,15
11238,14
11259,24
11573,16
11819,23
11884,21
12043,21
12044,13
12051,14
12663,19
12685,18
13267,17
13411,15
13523,16
14195,14
14223,11
14674,16
14756,19
15032,25
15052,13
15407,15
15465,8
15592,22
15609,14
15765,13
15908,14
15996,19
16098,14
16146,16
16239,20
16607,11
16726,18
16796,20
16865,18
16940,14
17168,18
17430,16
17603,15
17820,13
18069,13
18147,15
18164,19
18285,10
18569,13
18628,18
18668,19
18805,15
18930,23
19236,20
3736,32
4130,26
4259,26
7369,30
9119,33
10453,28
15570,30
971,21
2287,23
2800,29
3548,28
3766,30
4171,28
5606,28
7185,31
7849,32
10582,24
11866,22
12522,29
12888,22
13711,26
13878,22
14661,26
14801,26
15351,33
16158,28
16161,23
16255,29
16320,31
16704,26
17107,22
17648,27
19045,29
1022,28
9235,25
11385,30
12971,25
1788,24
17751,29
972,30
1754,25
9311,30
14383,26
